title,slug,headline,logo,description,url,doi,platform,start_date,end_date,status,monetary_incentive,publication_incentive,speaking_incentive,other_incentive,file_submission,container_submission,notebook_submission,other_submission
VESSEL12,VESSEL12,,https://rumc-gcorg-p-public.s3.amazonaws.com/logos/challenge/1/logo.png,The VESSEL12 challenge compares methods for automatic (and semi-automatic) segmentation of blood vessels in the lungs from CT images.,https://vessel12.grand-challenge.org/,https://doi.org/10.1016/j.media.2014.07.003,Grand Challenge,,,completed,False,True,False,FALSE,False,False,FALSE,FALSE
CRASS,CRASS,,https://rumc-gcorg-p-public.s3.amazonaws.com/logos/challenge/5/logo.png,CRASS stands for Chest Radiograph Anatomical Structure Segmentation. The challenge currently invites participants to send in results for clavicle segmentation algorithms.,https://crass.grand-challenge.org/,,Grand Challenge,,,completed,False,False,False,FALSE,False,False,FALSE,FALSE
ANODE09,ANODE09,,https://rumc-gcorg-p-public.s3.amazonaws.com/logos/challenge/7/logo.png,"ANODE09 is an initiative to compare systems that perform automatic detection of pulmonary nodules in chest CT scans on a single common database, with a single evaluation protocol.",https://anode09.grand-challenge.org/,https://doi.org/10.1016/j.media.2010.05.005,Grand Challenge,,,completed,False,False,False,FALSE,False,False,FALSE,FALSE
CAUSE07,CAUSE07,,https://rumc-gcorg-p-public.s3.amazonaws.com/logos/challenge/8/logo.png,The goal of CAUSE07 is to compare different algorithms to segment the caudate nucleaus from brain MRI scans.,https://cause07.grand-challenge.org/,,Grand Challenge,,,completed,False,True,True,FALSE,False,False,FALSE,FALSE
Subsolid Nodules,subsolidNodules,,https://rumc-gcorg-p-public.s3.amazonaws.com/logos/challenge/10/logo.png,We are presenting results of our segmentation method for subsolid lung nodules.,https://subsolidnodules.grand-challenge.org/,,Grand Challenge,,,completed,False,False,False,FALSE,False,False,FALSE,FALSE
CADDementia,CADDementia,,https://rumc-gcorg-p-public.s3.amazonaws.com/logos/challenge/17/logo3_100.png,"We seek algorithms that perform multi-class classification of patients with Alzheimer’s disease (AD), patients with mild cognitive impairment (MCI) and healthy controls (CN) using multi-center structural MRI data.",https://caddementia.grand-challenge.org/,https://doi.org/10.1016/j.neuroimage.2015.01.048,Grand Challenge,,,completed,False,False,False,FALSE,False,False,FALSE,FALSE
MITOS-ATYPIA-14,MITOS-ATYPIA-14,,https://rumc-gcorg-p-public.s3.amazonaws.com/logos/challenge/20/logo_mitos_atypia.png,"MITOS & ATYPIA 14 Contest, hosted by conference ICPR 2014Detection of mitosis and evaluation of nuclear atypia on breast cancer H&E stained images",https://mitos-atypia-14.grand-challenge.org/,,Grand Challenge,,,completed,False,False,False,FALSE,False,False,FALSE,FALSE
LOLA11,LOLA11,,https://rumc-gcorg-p-public.s3.amazonaws.com/logos/challenge/39/lola11_web_GVIrfhf.png,"The goal of LOLA11 (LObe and Lung Analysis 2011) is to compare methods for (semi-)automatic segmentation of the lungs and lobes from chest computed tomography scans. Any team, whether from academia or industry, can join.",https://lola11.grand-challenge.org/,,Grand Challenge,,,active,False,True,True,FALSE,True,False,FALSE,FALSE
PROMISE12,PROMISE12,,https://rumc-gcorg-p-public.s3.amazonaws.com/logos/challenge/40/promise12.png,The goal of this challenge is to compare interactive and (semi)-automatic segmentation algorithms for MRI of the prostate.,https://promise12.grand-challenge.org/,https://doi.org/10.1016/j.media.2013.12.002,Grand Challenge,,,completed,False,True,True,FALSE,True,False,FALSE,FALSE
CAMELYON16,CAMELYON16,,https://rumc-gcorg-p-public.s3.amazonaws.com/logos/challenge/65/logo.png,The goal of this challenge is to evaluate new and existing algorithms for automated detection of cancer metastasis in digitized lymph node tissue sections. Two large datasets from both the Radboud University Medical Center and the University Medical Center Utrecht are provided.,https://camelyon16.grand-challenge.org/,https://doi.org/10.1001/jama.2017.14585,Grand Challenge,,,completed,False,True,True,FALSE,False,False,FALSE,FALSE
ISBI-AIDA,ISBI-AIDA,,https://rumc-gcorg-p-public.s3.amazonaws.com/logos/challenge/67/logo.png,ISBI Endoscopic Image Challenge,https://isbi-aida.grand-challenge.org/,,Grand Challenge,,,completed,False,True,True,FALSE,False,False,FALSE,FALSE
LUNA16,LUNA16,,https://rumc-gcorg-p-public.s3.amazonaws.com/logos/challenge/71/luna16_logo.png,The LUNA16 challenge: automatic nodule detection on chest CT,https://luna16.grand-challenge.org/,https://doi.org/10.1016/j.media.2017.06.015,Grand Challenge,,,completed,False,True,True,FALSE,False,False,FALSE,FALSE
CAMELYON17,CAMELYON17,,https://rumc-gcorg-p-public.s3.amazonaws.com/logos/challenge/80/camelyon17_logo.png,Automated detection and classification of breast cancer metastases in whole-slide images of histological lymph node sections. This task has high clinical relevance and would normally require extensive microscopic assessment by pathologists.,https://camelyon17.grand-challenge.org/,https://doi.org/10.1109/tmi.2018.2867350,Grand Challenge,,,active,False,True,True,FALSE,True,False,FALSE,FALSE
RETOUCH,RETOUCH,,https://rumc-gcorg-p-public.s3.amazonaws.com/logos/challenge/111/retouch-logo.png,Retinal OCT Fluid Challenge (RETOUCH) compares automated algorithms that are able to detect and segment different types of retinal fluid in optical coherence tomography (OCT).,https://retouch.grand-challenge.org/,https://doi.org/10.1109/tmi.2019.2901398,Grand Challenge,,,completed,False,True,True,FALSE,False,False,FALSE,FALSE
CATARACTS,CATARACTS,,https://rumc-gcorg-p-public.s3.amazonaws.com/logos/challenge/130/logo.png,The Challenge on Automatic Tool Annotation for cataRACT Surgery aims at evaluating image-based tool detection algorithms in the context of the most common surgical procedure in the world.,https://cataracts.grand-challenge.org/,https://doi.org/10.1016/j.media.2018.11.008,Grand Challenge,,,completed,False,True,False,FALSE,False,False,FALSE,FALSE
TADPOLE,TADPOLE,,https://rumc-gcorg-p-public.s3.amazonaws.com/logos/challenge/141/logo_gC1i5c5.png,The Alzheimer’s Disease Prediction Of Longitudinal Evolution (TADPOLE) challenge is brought to you by the EuroPOND consortium in collaboration with the Alzheimer’s Disease Neuroimaging Initiative (ADNI).,https://tadpole.grand-challenge.org/,https://arxiv.org/abs/2002.03419,Grand Challenge,,,completed,True,True,False,FALSE,True,False,FALSE,FALSE
CoronARe,CoronARe,,,"CoronARe ranks state-of-the-art methods in symbolic and tomographic coronary artery reconstruction from interventional C-arm rotational angiography. Specifically, we will benchmark the performance of the methods using accurately pre-processed data, and study the effects of imperfect pre-processing conditions (segmentation and background subtraction errors). The evaluation will be performed in a controlled environment using digital phantom images.",https://coronare.grand-challenge.org/,,Grand Challenge,,,completed,False,False,True,FALSE,False,False,FALSE,FALSE
ICIAR 2018,ICIAR2018-Challenge,,https://rumc-gcorg-p-public.s3.amazonaws.com/logos/challenge/176/logo_small.png,Can you develop a method for automatic detection of cancerous regions in breast cancer histology images?,https://iciar2018-challenge.grand-challenge.org/,https://doi.org/10.1016/j.media.2019.05.010,Grand Challenge,2023-01-09,,active,True,False,False,FALSE,True,False,FALSE,FALSE
SLIVER07,SLIVER07,,https://rumc-gcorg-p-public.s3.amazonaws.com/logos/challenge/178/splash2.jpg,The goal of this competition is to compare different algorithms to segment the liver from clinical 3D computed tomography (CT) scans.,https://sliver07.grand-challenge.org/,https://doi.org/10.1109/tmi.2009.2013851,Grand Challenge,,,completed,False,True,True,FALSE,True,False,FALSE,FALSE
ROCC,ROCC,,https://rumc-gcorg-p-public.s3.amazonaws.com/logos/challenge/180/logo.jpg,"Retinal OCT Classification Challenge (ROCC) is organized as a one day Challenge in conjunction with MVIP2017. The goal of this challenge is to call different automated algorithms that are able to detect DR disease from normal retina on a common dataset of OCT volumes, acquired with Topcon SD-OCT devices.",https://rocc.grand-challenge.org/,,Grand Challenge,,,completed,False,False,True,FALSE,False,False,FALSE,FALSE
IDRiD,IDRiD,,https://rumc-gcorg-p-public.s3.amazonaws.com/logos/challenge/183/g2385.png,"This challenge evaluates automated techniques for analysis of fundus photographs. We target segmentation of retinal lesions like exudates, microaneurysms, and hemorrhages and detection of the optic disc and fovea. Also, we seek grading of fundus images according to the severity level of DR and DME.",https://idrid.grand-challenge.org/,https://doi.org/10.1016/j.media.2019.101561,Grand Challenge,,,completed,False,True,True,FALSE,True,False,FALSE,FALSE
EMPIRE10,EMPIRE10,,https://rumc-gcorg-p-public.s3.amazonaws.com/logos/challenge/186/logo.png,Challenge for intra-subject registration of chest CT images.,https://empire10.grand-challenge.org/,https://doi.org/10.1109/tmi.2011.2158349,Grand Challenge,,,completed,False,False,False,FALSE,False,False,FALSE,FALSE
LUMIC,LUMIC,,https://rumc-gcorg-p-public.s3.amazonaws.com/logos/challenge/203/lumiclogo.png,"The LUMIC challenge tests the accuracy in registration between pre- and post-contrast CT chest images for algorithms, using an anthropomophic digital phantom. ",https://lumic.grand-challenge.org/,,Grand Challenge,,,completed,False,True,False,FALSE,True,False,FALSE,FALSE
Continuous Registration,continuousregistration,,https://rumc-gcorg-p-public.s3.amazonaws.com/logos/challenge/207/logo.png,"Submit your method for lung and brain registration on https://github.com/SuperElastix/SuperElastix! Your method is easily accessible to end-users and automatically compiled, tested, and benchmarked weekly on several different data sets.",https://continuousregistration.grand-challenge.org/,,Grand Challenge,,,completed,False,False,False,FALSE,False,False,FALSE,FALSE
DRIVE,drive,,https://rumc-gcorg-p-public.s3.amazonaws.com/logos/challenge/210/logo_drive.PNG,Develop a system to automatically segment vessels in human retina fundus images.,https://drive.grand-challenge.org/,,Grand Challenge,,,active,False,True,False,FALSE,True,False,FALSE,FALSE
CuRIOUS 2018,curious2018,,https://rumc-gcorg-p-public.s3.amazonaws.com/logos/challenge/221/curious2018_logo.png,MICCAI Challenge 2018 for Correction of Brainshift with Intra-Operative Ultrasound,https://curious2018.grand-challenge.org/,https://doi.org/10.1109/tmi.2019.2935060,Grand Challenge,,,completed,True,True,True,FALSE,True,False,FALSE,FALSE
REFUGE,REFUGE,,https://rumc-gcorg-p-public.s3.amazonaws.com/logos/challenge/229/logo_refuge_200x200.png,The goal of the Retinal Fundus Glaucoma Challenge (REFUGE) is to evaluate and compare automated algorithms for glaucoma detection and optic disc/cup segmentation on a common dataset of retinal fundus images.,https://refuge.grand-challenge.org/,,Grand Challenge,,,active,False,True,True,FALSE,True,False,FALSE,FALSE
MoNuSeg,MoNuSeg,,https://rumc-gcorg-p-public.s3.amazonaws.com/logos/challenge/238/monuseg_logo.png,MICCAI 2018 challenge for Multi-organ nuclei segmentation from H&E stained histopathological images.,https://monuseg.grand-challenge.org/,,Grand Challenge,,,completed,False,True,True,FALSE,False,False,FALSE,FALSE
PAVES,PAVES,,https://rumc-gcorg-p-public.s3.amazonaws.com/logos/challenge/243/paveslogo.png,"Peripheral Artery:Vein Enhanced Segmentation (PAVES) is the challenge focussed on providing easily interpretable and relevant images that can be readily understood by clinicians (vascular interventional radiologists & vascular surgeons) from MRA datasets where the venous and arterial vasculature may be equally enhanced.   The setting is lower limb arterial occlusive disease where imaging of the below knee arterial vasculature is critical in planning limb salvage interventions.  However, the competing demands of the high spatial resolution needed to image small vessels versus imaging time constraints where there is often a very short arteriovenous transit time for contrast passage form arterial to venous compartments makes imaging challenging.  While dynamic MRA techniques can usually allow arterial imaging without venous ‘contamination’ these necessarily sacrifice spatial resolution.",https://paves.grand-challenge.org/,,Grand Challenge,,,completed,False,False,True,FALSE,True,False,FALSE,FALSE
PROSTATEx,PROSTATEx,,https://rumc-gcorg-p-public.s3.amazonaws.com/logos/challenge/258/prostatex-logo.jpg,Classification of clinical significance of prostate lesions using multi-parametric MRI data,https://prostatex.grand-challenge.org/,,Grand Challenge,,2022-04-30,completed,False,True,True,FALSE,True,False,FALSE,FALSE
HC18,HC18,,https://rumc-gcorg-p-public.s3.amazonaws.com/logos/challenge/265/HC18_LogoV1.png,Automated measurement of fetal head circumference using 2D ultrasound images,https://hc18.grand-challenge.org/,,Grand Challenge,,,active,False,False,False,FALSE,True,False,FALSE,FALSE
ANHIR,ANHIR,,https://rumc-gcorg-p-public.s3.amazonaws.com/logos/challenge/285/logo_sq_OdYGo3e.png,The challenge focuses on comparing the accuracy (using manually annotated landmarks) and the approximate speed of automatic non-linear registration methods for aligning microscopy images of multi-stained histology tissue samples.,https://anhir.grand-challenge.org/,https://doi.org/10.1109/tmi.2020.2986331,Grand Challenge,,,active,False,True,True,FALSE,True,False,FALSE,FALSE
BreastPathQ: Cancer Cellularity Challenge 2019,BreastPathQ,,https://rumc-gcorg-p-public.s3.amazonaws.com/logos/challenge/296/spie_with_overlays.png,SPIE-AAPM-NCI BreastPathQ:Cancer Circularity Challenge 2019: Participants will be tasked to develop an automated method for analyzing histology patches extracted from whole slide images and assign a score reflecting cancer cellularity for tumor burden assessment in each.,https://breastpathq.grand-challenge.org/,https://doi.org/10.1117/1.jmi.8.3.034501,Grand Challenge,,,active,False,True,True,FALSE,True,False,FALSE,FALSE
CHAOS,CHAOS,,https://rumc-gcorg-p-public.s3.amazonaws.com/logos/challenge/298/logo_8sv4fA4_SWcTFEs.png,"In this challenge, you segment the liver in CT data, and segment liver, spleen, and kidneys in MRI data.",https://chaos.grand-challenge.org/,https://doi.org/10.1016/j.media.2020.101950,Grand Challenge,,,active,False,True,True,FALSE,True,False,FALSE,FALSE
EAD2019,EAD2019,,https://rumc-gcorg-p-public.s3.amazonaws.com/logos/challenge/302/1772_A_M62_00022_1.jpg,"Endoscopic Artefact Detection (EAD) is a core problem and needed for realising robust computer-assisted tools. The EAD challenge has 3 tasks: 1) Multi-class artefact detection, 2) Region segmentation, 3) Detection generalisation.",https://ead2019.grand-challenge.org/,,Grand Challenge,,,completed,True,True,False,FALSE,True,False,FALSE,FALSE
ACDC-LungHP,ACDC-LungHP,,https://rumc-gcorg-p-public.s3.amazonaws.com/logos/challenge/305/logo.png,Automatic Cancer Detection and Classification in Whole-slide Lung Histopathology,https://acdc-lunghp.grand-challenge.org/,,Grand Challenge,,,active,False,True,True,FALSE,True,False,FALSE,FALSE
PALM,PALM,,https://rumc-gcorg-p-public.s3.amazonaws.com/logos/challenge/307/palm-logo.jpg,The Pathologic Myopia Challenge (PALM) focuses on the investigation and development of algorithms associated with the diagnosis of Pathological Myopia (PM) and segmentation of lesions in fundus photos from PM patients.,https://palm.grand-challenge.org/,,Grand Challenge,,,active,False,True,True,FALSE,True,False,FALSE,FALSE
iChallenges,iChallenges,,https://rumc-gcorg-p-public.s3.amazonaws.com/logos/challenge/345/ichallenge.png,"We organized a serial of challenges on different eye image modalities, such as REFUGE, PALM, RETOUCH, etc.",https://ichallenges.grand-challenge.org/,,Grand Challenge,,,completed,False,False,False,FALSE,True,False,FALSE,FALSE
Decathlon,Decathlon-10,,https://rumc-gcorg-p-public.s3.amazonaws.com/logos/challenge/350/background_dark_logo.png,The Medical Segmentation Decathlon challenge tests the generalisability of machine learning algorithms when applied to 10 different semantic segmentation task.,https://decathlon-10.grand-challenge.org/,https://doi.org/10.1038/s41467-022-30695-9,Grand Challenge,,,active,False,False,False,FALSE,True,False,FALSE,FALSE
LYON19,LYON19,,https://rumc-gcorg-p-public.s3.amazonaws.com/logos/challenge/355/ban2_kpuoTJg.png,Automatic Lymphocyte detection in IHC stained specimens.,https://lyon19.grand-challenge.org/,,Grand Challenge,,,active,False,False,False,FALSE,True,False,FALSE,FALSE
KiTS19,KiTS19,,https://rumc-gcorg-p-public.s3.amazonaws.com/logos/challenge/360/Screenshot_from_2019-01-02_17-23-36.png,2019 Kidney and Kidney Tumor Segmentation Challenge,https://kits19.grand-challenge.org/,https://arxiv.org/abs/1912.01054,Grand Challenge,,,active,True,True,True,FALSE,True,False,FALSE,FALSE
PAIP 2019,PAIP2019,,https://rumc-gcorg-p-public.s3.amazonaws.com/logos/challenge/370/Untitled_design.png,PAIP2019: Liver Cancer Segmentation       Task 1: Liver Cancer Segmentation     Task 2: Viable Tumor Burden Estimation,https://paip2019.grand-challenge.org/,,Grand Challenge,,,completed,True,True,True,FALSE,True,False,FALSE,FALSE
orCaScore,orCaScore,,https://rumc-gcorg-p-public.s3.amazonaws.com/logos/challenge/378/00b670348bfdf4464e00c44310ec259f.jpg,"The purpose of the orCaScore challenge is to compare methods for automatic and semi-automatic coronary artery calcium scoring in cardiac CT scans. This evaluation framework was launched at the MICCAI 2014 workshops in Boston, USA, where we organized the Challenge on Automatic Coronary Calcium Scoring.",https://orcascore.grand-challenge.org/,https://doi.org/10.1118/1.4945696,Grand Challenge,,,active,False,True,True,FALSE,True,False,FALSE,FALSE
curious2019,curious2019,,https://rumc-gcorg-p-public.s3.amazonaws.com/logos/challenge/380/CuRIOUS.png,MICCAI Challenge 2019 for Correction of Brainshift with Intra-Operative Ultrasound. Taks 1: Register pre-operative MRI to iUS before tumor resection;Taks 2: Register iUS after tumor resection to iUS before tumor resection,https://curious2019.grand-challenge.org/,,Grand Challenge,,,completed,False,True,True,FALSE,False,False,FALSE,FALSE
PatchCamelyon,patchcamelyon,,https://rumc-gcorg-p-public.s3.amazonaws.com/logos/challenge/381/Screen_Shot_2019-05-05_at_21.43.25.png,PatchCamelyon is a new and challenging image classification dataset of 327.680 color images (96 x 96px) extracted from histopathology images of the CAMELYON16 challenge. The goal is to detect breast cancer metastasis in lymph nodes.,https://patchcamelyon.grand-challenge.org/,,Grand Challenge,,,active,False,False,False,FALSE,True,False,FALSE,FALSE
Stereo Correspondence and Reconstruction of Endoscopic Data,EndoVisSub2019-SCARED,,https://rumc-gcorg-p-public.s3.amazonaws.com/logos/challenge/385/c7714704.jpg,Stereo Correspondence and Reconstruction of Endoscopic Data,https://endovissub2019-scared.grand-challenge.org/,,Grand Challenge,,,completed,True,False,False,FALSE,False,False,FALSE,FALSE
VerSe`19,VerSe2019,,https://rumc-gcorg-p-public.s3.amazonaws.com/logos/challenge/388/logo_border.png,Vertebrae labelling and segmentation on a spine dataset on an unprecedented 150 CT scans with voxel-level vertebral annotations.,https://verse2019.grand-challenge.org/,,Grand Challenge,,,active,False,False,True,FALSE,True,False,FALSE,FALSE
Gleason2019,Gleason2019,,https://rumc-gcorg-p-public.s3.amazonaws.com/logos/challenge/391/GLEASON2019.png,"MICCAI 2019 Automatic Prostate Gleason Grading Challenge: This challenge aims at the automatic Gleason grading of prostate cancer from H&E-stained histopathology images. This task is of critical importance because Gleason score is a strong prognostic predictor. On the other hand, it is very challenging because of the large degree of heterogeneity in the cellular and glandular patterns associated with each Gleason grade, leading to significant inter-observer variability, even among expert pathologists.",https://gleason2019.grand-challenge.org/,,Grand Challenge,,,completed,False,True,True,FALSE,True,False,FALSE,FALSE
AGE,AGE,,https://rumc-gcorg-p-public.s3.amazonaws.com/logos/challenge/394/icon.png,ANGLE CLOSURE GLAUCOMA EVALUATION CHALLENGE,https://age.grand-challenge.org/,,Grand Challenge,,,active,False,False,True,FALSE,True,False,FALSE,FALSE
iChallenge-AMD,AMD,,https://rumc-gcorg-p-public.s3.amazonaws.com/logos/challenge/395/%E6%BC%94%E7%A4%BA%E6%96%87%E7%A8%BF1-2.png,Age-related Macular Degeneration Challenge,https://amd.grand-challenge.org/,,Grand Challenge,,,active,True,True,True,FALSE,True,False,FALSE,FALSE
StructSeg2019,StructSeg2019,,https://rumc-gcorg-p-public.s3.amazonaws.com/logos/challenge/398/logo_aAzg3xS.jpg,Welcome to Automatic Structure Segmentation for Radiotherapy Planning Challenge 2019.  This competition is part of the MICCAI 2019 Challenge.,https://structseg2019.grand-challenge.org/,,Grand Challenge,,,completed,False,False,False,FALSE,True,False,FALSE,FALSE
DigestPath2019,DigestPath2019,,https://rumc-gcorg-p-public.s3.amazonaws.com/logos/challenge/399/digestpath-logo2.png,Welcome to Digestive-System Pathological Detection and Segmentation Challenge 2019.  This competition is part of the MICCAI 2019 Challenge.,https://digestpath2019.grand-challenge.org/,,Grand Challenge,,,completed,False,False,True,FALSE,False,False,FALSE,FALSE
ODIR-2019,odir2019,,https://rumc-gcorg-p-public.s3.amazonaws.com/logos/challenge/402/logo.jpg,北京大学国际眼底图像智能识别竞赛 Peking University International Competition on Ocular Disease Intelligent Recognition,https://odir2019.grand-challenge.org/,,Grand Challenge,,,active,True,False,False,FALSE,True,False,FALSE,FALSE
Lymphocyte Assessment Hackathon,LYSTO,,https://rumc-gcorg-p-public.s3.amazonaws.com/logos/challenge/421/lysto_square.png,Lymphocyte Assessment Hackathon in conjunction with the MICCAI COMPAY 2019 Workshop on Computational Pathology,https://lysto.grand-challenge.org/,,Grand Challenge,,,active,False,False,False,FALSE,True,False,FALSE,FALSE
AASCE,aasce19,,https://rumc-gcorg-p-public.s3.amazonaws.com/logos/challenge/424/logo.png,Accurate Automated Spinal Curvature Estimation,https://aasce19.grand-challenge.org/,,Grand Challenge,,,completed,False,True,False,FALSE,True,False,FALSE,FALSE
HEROHE,ECDP2020,,https://rumc-gcorg-p-public.s3.amazonaws.com/logos/challenge/433/ECDP2020_square.jpg,"Unlike previous challenges, this proposes to find an image analysis algorithm to identify HER2-positive from HER2-negative breast cancer specimens evaluating only the morphological features present on the HE slide, without the staining patterns of IHC.",https://ecdp2020.grand-challenge.org/,,Grand Challenge,,,completed,True,False,False,FALSE,True,False,FALSE,FALSE
MoNuSAC 2020,MoNuSAC-2020,,https://rumc-gcorg-p-public.s3.amazonaws.com/logos/challenge/445/logo.PNG,Multi-organ Nuclei Segmentation and Classification Challenge,https://monusac-2020.grand-challenge.org/,https://doi.org/10.1109/tmi.2021.3085712,Grand Challenge,,,completed,False,True,True,FALSE,False,False,FALSE,FALSE
EndoCV2020,EndoCV,,https://rumc-gcorg-p-public.s3.amazonaws.com/logos/challenge/462/endoLogo.png,Endoscopy computer vision challenge (EndoCV2020) introduces two core sub-themes in endoscopy: 1) artefact detection and segmentation (EAD2020) and 2) disease detection and segmentation (EDD2020).,https://endocv.grand-challenge.org/,,Grand Challenge,,,completed,True,False,False,FALSE,True,False,FALSE,FALSE
LNDb Challenge,LNDb,,https://rumc-gcorg-p-public.s3.amazonaws.com/logos/challenge/470/thumbnail_lndb.png,"Lung cancer screening and Fleischner follow-up determination in chest CT through nodule detection, segmentation and characterization",https://lndb.grand-challenge.org/,https://arxiv.org/abs/1911.08434,Grand Challenge,,,active,False,True,False,FALSE,True,False,FALSE,FALSE
VerSe'20,VerSe2020,,https://rumc-gcorg-p-public.s3.amazonaws.com/logos/challenge/473/logo_border.png,"Vertebrae labelling and segmentation on a multi-centre, multi-scanner, and anatomically-diverse CT dataset.",https://verse2020.grand-challenge.org/,,Grand Challenge,,,active,False,False,True,FALSE,True,False,FALSE,FALSE
PAIP2020,PAIP2020,,https://rumc-gcorg-p-public.s3.amazonaws.com/logos/challenge/480/paip2020_thumb_640x640.jpg,"Built on the success of its predecessor, PAIP2020 is the second challenge organized by the Pathology AI Platform (PAIP) and the Seoul National University Hospital (SNUH). PAIP2020 will proceed to not only detect whole tumor areas in colorectal cancers but also to classify their molecular subtypes, which will lead to characterization of their heterogeneity with respect to prognoses and therapeutic responses. All participants should predict one of the molecular carcinogenesis pathways, i.e., microsatellite instability(MSI) in colorectal cancer, by performing digital image analysis without clinical tests. This task has a high clinical relevance as the currently used procedure requires an extensive microscopic assessment by pathologists. Therefore, those automated algorithms would reduce the workload of pathologists as a diagnostic assistance.",https://paip2020.grand-challenge.org/,,Grand Challenge,,,active,False,True,True,FALSE,True,False,FALSE,FALSE
RibFrac,RibFrac,,https://rumc-gcorg-p-public.s3.amazonaws.com/logos/challenge/482/challenge-logo-white_b8a8xbr.jpg,"Rib Fracture Detection and Classification Challenge: A large-scale benchmark of 660 CT scans with ~5,000 rib fractures (around 80Gb)",https://ribfrac.grand-challenge.org/,,Grand Challenge,,,active,True,True,True,FALSE,True,False,FALSE,FALSE
Thyroid Nodule Segmentation and Classification,TN-SCUI2020,,https://rumc-gcorg-p-public.s3.amazonaws.com/logos/challenge/484/Capture8888.PNG,"The main topic of this TN-SCUI2020 challenge is finding  automatic algorithms to accurately classify the thyroid nodules in ultrasound images. It will provide the biggest public dataset of thyroid nodule with over 4500 patient cases from different ages, genders, and were collected using different ultrasound machines. Each ultrasound image is provided with its ground truth class (benign or maglinant) and a detailed delineation of the nodule. This challenge will provide a unique opportunity for participants from different backgrounds (e.g. academia, industry, and government, etc.) to compare their algorithms in an impartial way.",https://tn-scui2020.grand-challenge.org/,,Grand Challenge,2022-01-20,,active,True,True,True,FALSE,True,False,FALSE,FALSE
Learn2Reg,Learn2Reg,,https://rumc-gcorg-p-public.s3.amazonaws.com/logos/challenge/486/logo_warped.png,Challenge on medical image registration addressing: learning from small datasets; estimating large deformations; dealing with multi-modal scans; and learning from noisy annotations,https://learn2reg.grand-challenge.org/,https://doi.org/10.1109/tmi.2022.3213983,Grand Challenge,,,active,False,True,True,FALSE,True,False,FALSE,FALSE
Automated Segmentation Of Coronary Arteries,ASOCA,,,Automated Segmentation Of Coronary Arteries,https://asoca.grand-challenge.org/,,Grand Challenge,,,active,False,False,True,FALSE,True,False,FALSE,FALSE
KNOAP2020,KNOAP2020,,https://rumc-gcorg-p-public.s3.amazonaws.com/logos/challenge/492/KNOAP_logo_640x640.png,"Knee osteoarthritis causes a large economic burden on the society and reduces life quality of an individual. Therefore, methods that are able to identify subjects who will develop the disease in the future are important. Usually the methods are optimized for specific datasets and it is unclear how the different methods would perform on previously unseen data. Therefore, we are organizing a challenge to objectively compare methods that use MRI, X-ray image data, and clinical risk factors for prediction of incident symptomatic radiographic knee osteoarthritis.",https://knoap2020.grand-challenge.org/,,Grand Challenge,,,completed,False,True,False,FALSE,False,False,FALSE,FALSE
SARAS-ESAD,SARAS-ESAD,,,"This challenge is part of Medical Imaging with Deep Learning conference, 2020. The conference is held between 6 ‑ 8 July 2020 in Montréal.  The SARAS (Smart Autonomous Robotic Assistant Surgeon) EU consortium, www.saras-project.eu, is working towards replacing the assistant surgeon in MIS with two assistive robotic arms. To accomplish that, an artificial intelligence based system is required which not only can understand the complete surgical scene but also detect the actions being performed by the main surgeon. This information can later be used infer the response required from the autonomous assistant surgeon.",https://saras-esad.grand-challenge.org/,,Grand Challenge,,,completed,False,True,True,FALSE,True,False,FALSE,FALSE
SurgVisDom,surgvisdom,,,,https://surgvisdom.grand-challenge.org/,,Grand Challenge,,,completed,True,False,True,FALSE,False,False,FALSE,FALSE
CADA,CADA,,https://rumc-gcorg-p-public.s3.amazonaws.com/logos/challenge/531/data-first-row-2.png,"Cerebral aneurysms are local dilations of arterial blood vessels caused by a weakness of the vessel wall. Subarachnoid hemorrhage (SAH) caused by the rupture of a cerebral aneurysm is a life-threatening condition associated with high mortality and morbidity. The mortality rate is above 40%, and even in case of survival cognitive impairment can affect patients for a long time. Major goals in image analysis are the detection and risk assessment of aneurysms. We, therefore, subdivided the challenge into three categories. The first task is finding the aneurysm; the second task is the accurate segmentation to allow for a longitudinal assessment of the development of suspicious aneurysms. The third task is the estimation of the rupture risk of the aneurysm.",https://cada.grand-challenge.org/,https://doi.org/10.1007/978-3-030-72862-5,Grand Challenge,,,completed,False,False,False,FALSE,True,False,FALSE,FALSE
Diabetic Foot Ulcer Challenge 2020,DFU2020,,https://rumc-gcorg-p-public.s3.amazonaws.com/logos/challenge/532/bb.png,Diabetic Foot Ulcer Challenge 2020,https://dfu2020.grand-challenge.org/,https://doi.org/10.1016/j.compbiomed.2021.104596,Grand Challenge,,,active,False,True,False,FALSE,True,False,FALSE,FALSE
CT diagnosis of COVID-19,COVID-CT,,https://rumc-gcorg-p-public.s3.amazonaws.com/logos/challenge/537/covid-CT2.png,"Coronavirus disease 2019 (COVID-19) has infected more than 1.3 million individuals all over the world and caused more than 106,000 deaths. One major hurdle in controlling the spreading of this disease is the inefficiency and shortage of medical tests. To mitigate the inefficiency and shortage of existing tests for COVID-19, we propose this competition to encourage the development of effective Deep Learning techniques  to diagnose  COVID-19  based  on CT  images. The problem we want to solve is to classify each CT image into positive COVID-19 (the image has  clinical findings of COVID-19) or negative COVID-19 ( the image does not have  clinical findings of COVID-19). It’s a binary classification problem based on CT images.",https://covid-ct.grand-challenge.org/,,Grand Challenge,,,completed,False,False,False,FALSE,True,False,FALSE,FALSE
AutoImplant,AutoImplant,,https://rumc-gcorg-p-public.s3.amazonaws.com/logos/challenge/540/logos.PNG,the MICCAI 2020 Cranial Implant Design Challenge,https://autoimplant.grand-challenge.org/,https://arxiv.org/abs/2006.12449,Grand Challenge,,,completed,False,True,True,FALSE,True,False,FALSE,FALSE
CADA - Rupture Risk Estimation,CADA-RRE,,https://rumc-gcorg-p-public.s3.amazonaws.com/logos/challenge/541/data-first-row-2.png,"Cerebral aneurysms are local dilations of arterial blood vessels caused by a weakness of the vessel wall. Subarachnoid hemorrhage (SAH) caused by the rupture of a cerebral aneurysm is a life-threatening condition associated with high mortality and morbidity. The mortality rate is above 40%, and even in case of survival cognitive impairment can affect patients for a long time. Major goals in image analysis are the detection and risk assessment of aneurysms. We, therefore, subdivided the challenge into three categories. The first task is finding the aneurysm; the second task is the accurate segmentation to allow for a longitudinal assessment of the development of suspicious aneurysms. The third task is the estimation of the rupture risk of the aneurysm.",https://cada-rre.grand-challenge.org/,,Grand Challenge,,,completed,False,True,True,FALSE,True,False,FALSE,FALSE
CADA - Aneurysm Segmentation,CADA-AS,,https://rumc-gcorg-p-public.s3.amazonaws.com/logos/challenge/543/data-first-row-2.png,"Cerebral aneurysms are local dilations of arterial blood vessels caused by a weakness of the vessel wall. Subarachnoid hemorrhage (SAH) caused by the rupture of a cerebral aneurysm is a life-threatening condition associated with high mortality and morbidity. The mortality rate is above 40%, and even in case of survival cognitive impairment can affect patients for a long time. Major goals in image analysis are the detection and risk assessment of aneurysms. We, therefore, subdivided the challenge into three categories. The first task is finding the aneurysm; the second task is the accurate segmentation to allow for a longitudinal assessment of the development of suspicious aneurysms. The third task is the estimation of the rupture risk of the aneurysm.",https://cada-as.grand-challenge.org/,,Grand Challenge,,,completed,False,False,False,FALSE,True,False,FALSE,FALSE
The PANDA challenge,PANDA,,https://rumc-gcorg-p-public.s3.amazonaws.com/logos/challenge/544/panda_logo_notext.png,The PANDA challenge: Prostate cANcer graDe Assessment using the Gleason grading system,https://panda.grand-challenge.org/,,Grand Challenge,,,completed,True,False,True,FALSE,False,False,FALSE,FALSE
Pathology Visual Question Answering,PathVQAchallenge,,https://rumc-gcorg-p-public.s3.amazonaws.com/logos/challenge/548/grand_challenge3.jpg,,https://pathvqachallenge.grand-challenge.org/,,Grand Challenge,,,completed,False,False,False,FALSE,True,False,FALSE,FALSE
QUBIQ,qubiq,,https://rumc-gcorg-p-public.s3.amazonaws.com/logos/challenge/552/brain.png,Quantification of Uncertainties in Biomedical Image Segmentation Challenge,https://qubiq.grand-challenge.org/,,Grand Challenge,,,active,False,True,False,FALSE,True,False,FALSE,FALSE
LoDoPaB-CT,lodopab,,https://rumc-gcorg-p-public.s3.amazonaws.com/logos/challenge/555/logo_white_bg.png,Low-Dose CT reconstruction in the setting of the LoDoPaB-CT dataset.,https://lodopab.grand-challenge.org/,https://doi.org/10.1038/s41597-021-00893-z,Grand Challenge,,,active,False,True,True,FALSE,True,False,FALSE,FALSE
Apples-CT,apples-ct,,https://rumc-gcorg-p-public.s3.amazonaws.com/logos/challenge/557/logo.png,High-throughput CT image reconstruction and defect detection for apples,https://apples-ct.grand-challenge.org/,,Grand Challenge,,,active,False,False,True,FALSE,True,False,FALSE,FALSE
RIADD (ISBI-2021),RIADD,,https://rumc-gcorg-p-public.s3.amazonaws.com/logos/challenge/562/Logo_ISBI_640_OO4Fuj9.png,Retinal Image Analysis for multi-Disease Detection,https://riadd.grand-challenge.org/,,Grand Challenge,,,active,True,True,False,FALSE,True,False,FALSE,FALSE
MitoEM,MitoEM,,https://rumc-gcorg-p-public.s3.amazonaws.com/logos/challenge/566/logo2.png,Large-scale 3D mitochondria instance segmentation benchmark,https://mitoem.grand-challenge.org/,,Grand Challenge,,,active,False,True,True,FALSE,True,False,FALSE,FALSE
A-AFMA,A-AFMA,,https://rumc-gcorg-p-public.s3.amazonaws.com/logos/challenge/567/Figure_3_MVP_example.png,"Prenatal ultrasound (US) measurement of amniotic fluid is an important part of fetal surveillance as it provides a non-invasive way of assessing whether there is oligohydramnios (insufficient amniotic fluid) and polyhydramnios (excess amniotic fluid),  which are associated with numerous problems both during pregnancy and after birth.  In this Image Analysis Challenge, we aim to attract attention from the image analysis community to work on the problem of automated measurement of the MVP using the predefined ultrasound video clip based on a linear-sweep protocol [1]. We define two tasks. The first task is to automatically detect amniotic fluid and the maternal bladder. The second task is to identify the appropriate points for MVP measurement given the selected frame of the video clip, and calculate the length of the connected line between these points. The data was collected from women in the second trimester of pregnancy, as part of the PURE study at the John Radcliffe Hospital in Oxford, UK.",https://a-afma.grand-challenge.org/,,Grand Challenge,,,completed,False,False,True,FALSE,True,False,FALSE,FALSE
COVID-19 LUNG CT LESION SEGMENTATION CHALLENGE - 2020,covid-segmentation,,https://rumc-gcorg-p-public.s3.amazonaws.com/logos/challenge/569/Challenge_Image.png,This challenge will create the platform to evaluate emerging methods for the segmentation and quantification of lung lesions caused by SARS-CoV-2 infection from CT images.,https://covid-segmentation.grand-challenge.org/,,Grand Challenge,,,active,False,True,True,FALSE,True,False,FALSE,FALSE
Where is VALDO?,VALDO,,https://rumc-gcorg-p-public.s3.amazonaws.com/logos/challenge/570/LogoVALDO.png,Vascular Lesion Detection Challenge at MICCAI 2021,https://valdo.grand-challenge.org/,,Grand Challenge,,,completed,False,False,True,FALSE,True,False,FALSE,FALSE
SegPC-2021,SegPC-2021,,https://rumc-gcorg-p-public.s3.amazonaws.com/logos/challenge/574/logo_fRPkhwS.png,"This challenge is positioned towards robust segmentation of cells which is the first stage to build such a tool for plasma cell cancer, namely, Multiple Myeloma (MM), which is a type of blood cancer.",https://segpc-2021.grand-challenge.org/,,Grand Challenge,,,active,False,True,False,FALSE,True,False,FALSE,FALSE
EndoCV2021,EndoCV2021,,https://rumc-gcorg-p-public.s3.amazonaws.com/logos/challenge/575/endoLogo-2021_AdZmuvg.jpg,Endoscopy Computer Vision Challenge 2021,https://endocv2021.grand-challenge.org/,,Grand Challenge,,,completed,False,False,True,FALSE,True,False,FALSE,FALSE
Foot Ulcer Segmentation Challenge,FUSC,,https://rumc-gcorg-p-public.s3.amazonaws.com/logos/challenge/579/Logo.png,,https://fusc.grand-challenge.org/,,Grand Challenge,,,completed,False,False,False,FALSE,False,False,FALSE,FALSE
NucMM,NucMM,,https://rumc-gcorg-p-public.s3.amazonaws.com/logos/challenge/580/NucMM_logo.png,Millimeter-Scale Nucleus 3D Instance Segmentation,https://nucmm.grand-challenge.org/,https://doi.org/10.1007/978-3-030-87193-2_16,Grand Challenge,,,completed,False,False,False,FALSE,True,False,FALSE,FALSE
Carotid Artery Vessel Wall Segmentation Challenge,Vessel-Wall-Segmentation,,,To segment the vessel wall of the carotid artery on black-blood MRI images,https://vessel-wall-segmentation.grand-challenge.org/,,Grand Challenge,,,completed,True,False,True,FALSE,False,False,FALSE,FALSE
Cross-Modality Domain Adaptation Image Segmentation - 2021,crossMoDA,,https://rumc-gcorg-p-public.s3.amazonaws.com/logos/challenge/592/crossmoda_logo_black.png,The CrossMoDA challenge 2021 introduces the first large and multi-class medical dataset for unsupervised cross-modality Domain Adaptation.,https://crossmoda.grand-challenge.org/,https://doi.org/10.1016/j.media.2022.102628,Grand Challenge,,,active,True,True,True,FALSE,True,False,FALSE,FALSE
KiTS21,kits21,,https://rumc-gcorg-p-public.s3.amazonaws.com/logos/challenge/594/rendering_dimmed.png,The 2021 MICCAI Kidney and Kidney Tumor Segmentation challenge,https://kits21.grand-challenge.org/,,Grand Challenge,,,completed,True,True,False,FALSE,True,False,FALSE,FALSE
BrainPTM 2021,BrainPTM-2021,,https://rumc-gcorg-p-public.s3.amazonaws.com/logos/challenge/595/logo_square.jpg,Brain Pre-surgical Tractography Mapping (BrainPTM) in real clinical scans.,https://brainptm-2021.grand-challenge.org/,,Grand Challenge,,,active,False,False,False,FALSE,True,False,FALSE,FALSE
CholecTriplet 2021,CholecTriplet2021,,https://rumc-gcorg-p-public.s3.amazonaws.com/logos/challenge/596/logo-challenge.png,EndoVis Sub-challenge for Surgical Action Triplet Recognition,https://cholectriplet2021.grand-challenge.org/,,Grand Challenge,,,completed,True,True,True,FALSE,False,False,FALSE,FALSE
RealNoiseMRI,RealNoiseMRI,,https://rumc-gcorg-p-public.s3.amazonaws.com/logos/challenge/597/Logo_Challenge.png,Brain MRI reconstruction challenge with realistic noise,https://realnoisemri.grand-challenge.org/,,Grand Challenge,,,completed,False,True,False,FALSE,False,False,FALSE,FALSE
PAIP2021,PAIP2021,,https://rumc-gcorg-p-public.s3.amazonaws.com/logos/challenge/598/640-640.png,"PAIP 2021 Challenge; Perineural invasion in multiple organ cancer (colon, prostate and pancreatobiliary tract)",https://paip2021.grand-challenge.org/,,Grand Challenge,,,active,True,True,True,FALSE,True,False,FALSE,FALSE
FLARE21,FLARE,,https://rumc-gcorg-p-public.s3.amazonaws.com/logos/challenge/599/logo_hDqJ8uG.gif,Fast and Low GPU memory Abdominal oRgan sEgmentation Challenge,https://flare.grand-challenge.org/,https://doi.org/10.1109/tpami.2021.3100536,Grand Challenge,,,active,True,True,True,FALSE,True,False,FALSE,FALSE
NuCLS,NuCLS,,https://rumc-gcorg-p-public.s3.amazonaws.com/logos/challenge/601/TCGA-AR-A0U4-DX1_id-5ea40a88ddda5f8398990ccf_left-42405_top-70784_bo_PgpXdUu.png,"Classification, Localization and Segmentation of nuclei in scanned FFPE H&E stained slides of triple-negative breast cancer from The Cancer Genome Atlas. See: Amgad et al. 2021. arXiv:2102.09099 [cs.CV].",https://nucls.grand-challenge.org/,,Grand Challenge,,,completed,False,True,False,FALSE,False,False,FALSE,FALSE
Breast Cancer Segmentation,BCSegmentation,,https://rumc-gcorg-p-public.s3.amazonaws.com/logos/challenge/602/BCSegmentationLogo.png,"Semantic segmentation of histologic regions in scanned FFPE H&E stained slides of triple-negative breast cancer from The Cancer Genome Atlas. See: Amgad M, Elfandy H, ..., Gutman DA, Cooper LAD. Structured crowdsourcing enables convolutional segmentation of histology images. Bioinformatics. 2019. doi: 10.1093/bioinformatics/btz083",https://bcsegmentation.grand-challenge.org/,,Grand Challenge,,,completed,False,False,False,FALSE,False,False,FALSE,FALSE
FeTA - Fetal Tissue Annotation Challenge,feta,,https://rumc-gcorg-p-public.s3.amazonaws.com/logos/challenge/604/FeTA_logo_640.png,Fetal Tissue Annotation Challenge,https://feta.grand-challenge.org/,,Grand Challenge,2024-03-21,2024-04-26,completed,False,True,True,FALSE,True,False,FALSE,FALSE
fastPET-LD,fastPET-LD,,https://rumc-gcorg-p-public.s3.amazonaws.com/logos/challenge/605/IMG_19052021_144815_600_x_600_pixel.jpg,"The purpose of this challenge is the detection of “hot spots” in fast PET scan, that is locations that have an elevated standard uptake value (SUV) and potential clinical significance.  Corresponding CT scans are also provided. The ground truth, common to both datasets, was generated by a nuclear medicine expert. It consists of a 3-D segmentation map of the hot spots as well as a text file  containing the position and size of 3D cuboid bounding box  for each hot spot.",https://fastpet-ld.grand-challenge.org/,,Grand Challenge,,,active,False,False,False,FALSE,True,False,FALSE,FALSE
AutoImplant 2021,AutoImplant2021,,https://rumc-gcorg-p-public.s3.amazonaws.com/logos/challenge/607/AutoImplant_2021_Logo.png,Second MICCAI Challenge on Automatic Cranial Implant Design (AutoImplant 2021),https://autoimplant2021.grand-challenge.org/,https://doi.org/10.1109/tmi.2021.3077047,Grand Challenge,,,completed,True,True,True,FALSE,False,False,FALSE,FALSE
DFUC2021,DFU-2021,,https://rumc-gcorg-p-public.s3.amazonaws.com/logos/challenge/608/footsnap_logo.png,Diabetic Foot Ulcer Challenge 2021,https://dfu-2021.grand-challenge.org/,https://doi.org/10.1109/bhi50953.2021.9508563,Grand Challenge,,,active,False,True,True,FALSE,True,False,FALSE,FALSE
SARAS-MESAD,SARAS-MESAD,,https://rumc-gcorg-p-public.s3.amazonaws.com/logos/challenge/609/Screenshot_3.png,"This challenge is organized under MICCAI 2021, the 24th International Conference on Medical Image Computing and Computer Assisted Intervention. The event will be held from September 27th to October 1st 2021 in Strasbourg, France. The challenge focuses on multi-domain surgeon action detection.",https://saras-mesad.grand-challenge.org/,,Grand Challenge,,,completed,False,False,True,FALSE,True,False,FALSE,FALSE
NODE21,NODE21,,https://rumc-gcorg-p-public.s3.amazonaws.com/logos/challenge/612/node21logo.jpg,NODE21: generate and detect nodules on chest radiographs,https://node21.grand-challenge.org/,,Grand Challenge,,,active,True,True,False,FALSE,False,True,FALSE,FALSE
WSSS4LUAD,WSSS4LUAD,,https://rumc-gcorg-p-public.s3.amazonaws.com/logos/challenge/621/%E6%88%AA%E5%B1%8F2021-07-05_%E4%B8%8A%E5%8D%8810.17.09.png,"The WSSS4LUAD dataset contains over 10,000 patches of lung adenocarcinoma from whole slide images from Guangdong Provincial People's Hospital and TCGA with image-level annotations. The goal of this challenge is to perform semantic segmentation for differentiating three important types of tissues in the WSIs of lung adenocarcinoma, including cancerous epithelial region, cancerous stroma region and normal region. Paticipants have to use image-level annotations to give pixel-level prediction.",https://wsss4luad.grand-challenge.org/,,Grand Challenge,,,active,True,False,True,FALSE,True,False,FALSE,FALSE
SKI10,SKI10,,https://rumc-gcorg-p-public.s3.amazonaws.com/logos/challenge/624/ski10sq-big.png,The goal of SKI10 was to develop and compare algorithms for cartilage and bone segmentation from knee MRI data.,https://ski10.grand-challenge.org/,,Grand Challenge,,,completed,False,False,False,FALSE,False,False,FALSE,FALSE
EMSIG,EMSIG,,https://rumc-gcorg-p-public.s3.amazonaws.com/logos/challenge/628/EMSIGgroup_nYL722C.png,EMSIG hackathon “radar-based human activity recognition challenge 2021”,https://emsig.grand-challenge.org/,,Grand Challenge,,,active,True,False,True,FALSE,True,False,FALSE,FALSE
QUBIQ2021,QUBIQ21,,https://rumc-gcorg-p-public.s3.amazonaws.com/logos/challenge/629/brain.png,Quantification of Uncertainties in Biomedical Image Segmentation Challenge 2021,https://qubiq21.grand-challenge.org/,,Grand Challenge,,,active,False,True,True,FALSE,True,False,FALSE,FALSE
MIDOG Challenge 2021,MIDOG2021,,https://rumc-gcorg-p-public.s3.amazonaws.com/logos/challenge/633/midog_logo.png,Mitosis Domain Generalization Challenge 2021 (part of MICCAI 2021),https://midog2021.grand-challenge.org/,https://arxiv.org/abs/2103.16515,Grand Challenge,,,completed,True,True,True,FALSE,False,True,FALSE,FALSE
TIGER,tiger,,https://rumc-gcorg-p-public.s3.amazonaws.com/logos/challenge/636/tiger-logo_qr7B8JU.png,Grand challenge on automate assessment of tumor infiltrating lymphocytes in digital pathology slides of triple negative and Her2-positive breast cancers,https://tiger.grand-challenge.org/,,Grand Challenge,2022-02-03,,active,True,True,False,FALSE,False,True,FALSE,FALSE
STOIC2021 - COVID-19 AI Challenge,STOIC2021,,https://rumc-gcorg-p-public.s3.amazonaws.com/logos/challenge/637/stoic2021logo_B3b4JM9.png,"COVID-19 Artificial Intelligence Challenge: automated diagnosis, and prognostic evaluation based on computed tomography",https://stoic2021.grand-challenge.org/,,Grand Challenge,2021-12-23,2028-01-01,active,False,False,False,FALSE,False,True,FALSE,FALSE
Chest XR COVID-19 detection,CXR-COVID19,,https://rumc-gcorg-p-public.s3.amazonaws.com/logos/challenge/638/CovidChallenge.png,Build AI models to detect COVID-19 using Chest X-ray images,https://cxr-covid19.grand-challenge.org/,,Grand Challenge,,,completed,False,True,False,FALSE,True,False,FALSE,FALSE
The PI-CAI Challenge,PI-CAI,,https://rumc-gcorg-p-public.s3.amazonaws.com/logos/challenge/642/square_logo_we441sa.jpg,Artificial Intelligence and Radiologists at Prostate  Cancer Detection in MRI,https://pi-cai.grand-challenge.org/,https://doi.org/10.5281/zenodo.6667655,Grand Challenge,2022-06-12,,active,True,True,False,FALSE,False,True,FALSE,FALSE
Ultra-low Dose PET Imaging Challenge,ultra-low-dose-PET,,https://rumc-gcorg-p-public.s3.amazonaws.com/logos/challenge/643/Ultra-low_Dose_PET-01.jpg,This challenge aims to develop deep learning algorithms capable of recovering high-quality imaging from low-dose scans on this ultra-low-dose PET scanner.,https://ultra-low-dose-pet.grand-challenge.org/,,Grand Challenge,,,completed,True,False,True,FALSE,True,False,FALSE,FALSE
AIROGS,AIROGS,,https://rumc-gcorg-p-public.s3.amazonaws.com/logos/challenge/644/logo2-01-logo.png,Artificial Intelligence for RObust Glaucoma Screening Challenge,https://airogs.grand-challenge.org/,,Grand Challenge,2021-12-01,,active,True,True,True,FALSE,False,True,FALSE,FALSE
CoNIC 2022,CoNIC-Challenge,,https://rumc-gcorg-p-public.s3.amazonaws.com/logos/challenge/648/conic_logo_YbqWBDc.png,Colon Nuclei Identification and Counting Challenge 2022,https://conic-challenge.grand-challenge.org/,https://arxiv.org/abs/2111.14485,Grand Challenge,2022-02-13,,completed,True,True,False,FALSE,False,True,FALSE,FALSE
CholecTriplet2022: Surgical Action Triplet Detection,cholectriplet2022,,https://rumc-gcorg-p-public.s3.amazonaws.com/logos/challenge/649/t50-logo-2022_kz11kSp.png,Surgical Action Triplet Detection 2022,https://cholectriplet2022.grand-challenge.org/,https://doi.org/10.1007/978-3-030-59716-0_35,Grand Challenge,,,completed,True,True,True,FALSE,False,False,FALSE,FALSE
EndoCV2022,EndoCV2022,,https://rumc-gcorg-p-public.s3.amazonaws.com/logos/challenge/650/EndoCV2022-logo-v2.jpg,"Developing methods for ""detection task'' and ''segmentation task'' for endoscopic video sequence data",https://endocv2022.grand-challenge.org/,https://doi.org/10.1016/j.media.2021.102002,Grand Challenge,2022-02-20,,completed,False,True,True,FALSE,True,False,FALSE,FALSE
MELA2022,MELA,,https://rumc-gcorg-p-public.s3.amazonaws.com/logos/challenge/651/LOGO-%E8%93%9D-900.png,"MICCAI 2022 MELA Challenge: A Large-Scale Detection Benchmark of 1,100 CT Scans for Mediastinal Lesion Analysis",https://mela.grand-challenge.org/,,Grand Challenge,2022-07-02,2022-07-17,completed,True,True,False,FALSE,True,False,FALSE,FALSE
KiPA22 (Regular Challenge),kipa22,,https://rumc-gcorg-p-public.s3.amazonaws.com/logos/challenge/654/logo3_%E5%89%AF%E6%9C%AC.png,"The challenge is aimed to segment kidney, renal tumors, arteries, and veins from computed tomography angiography (CTA) images in one inference.",https://kipa22.grand-challenge.org/,https://doi.org/10.1016/j.media.2020.101722,Grand Challenge,2022-07-01,,active,False,False,True,FALSE,True,False,FALSE,FALSE
Parse2022,Parse2022,,https://rumc-gcorg-p-public.s3.amazonaws.com/logos/challenge/658/logo.jpg,"It is of significant clinical interest to study pulmonary artery structures in the field of medical image analysis. One prerequisite step is to segment pulmonary artery structures from CT with high accuracy and low time-consuming. The segmentation of pulmonary artery structures benefits the quantification of its morphological changes for diagnosis of pulmonary hypertension and thoracic surgery. However, due to the complexity of pulmonary artery topology, automated segmentation of pulmonary artery topology is a challenging task. Besides, the open accessible large-scale CT data with well labeled pulmonary artery are scarce (The large variations of the topological structures from different patients make the annotation an extremely challenging process). The lack of well labeled pulmonary artery hinders the development of automatic pulmonary artery segmentation algorithm. Hence, we try to host the first Pulmonary ARtery SEgmentation challenge in MICCAI 2022 (Named Parse2022) to start a new research topic.",https://parse2022.grand-challenge.org/,,Grand Challenge,2023-06-30,,active,True,True,True,FALSE,True,False,FALSE,FALSE
TDSC-ABUS2023,TDSC-ABUS2023,,https://rumc-gcorg-p-public.s3.amazonaws.com/logos/challenge/662/logo.png,"Tumor Detection, Segmentation  and Classification Challenge on  Automated 3D Breast Ultrasound",https://tdsc-abus2023.grand-challenge.org/,,Grand Challenge,2023-07-15,2023-08-20,completed,True,True,True,FALSE,True,False,FALSE,FALSE
INSTANCE2022,instance,,https://rumc-gcorg-p-public.s3.amazonaws.com/logos/challenge/667/Logo_%E9%A1%B5%E9%9D%A2_2.png,The 2022 Intracranial Hemorrhage Segmentation Challenge on Non-Contrast head CT (NCCT),https://instance.grand-challenge.org/,https://doi.org/10.1109/jbhi.2021.3103850,Grand Challenge,2022-07-14,,active,True,True,True,FALSE,True,False,FALSE,FALSE
BCNB,BCNB,,https://rumc-gcorg-p-public.s3.amazonaws.com/logos/challenge/668/BCNB-logo_CUGMa0V.png,Early Breast Cancer Core-Needle Biopsy WSI Dataset,https://bcnb.grand-challenge.org/,https://doi.org/10.3389/fonc.2021.759007,Grand Challenge,,,completed,False,False,False,FALSE,True,False,FALSE,FALSE
RAVIR,RAVIR,,https://rumc-gcorg-p-public.s3.amazonaws.com/logos/challenge/673/IR_Case_022.png,A dataset for  semantic segmentation and quantitative analysis of retinal arteries and veins in infrared reflectance imaging,https://ravir.grand-challenge.org/,https://doi.org/10.1109/jbhi.2022.3163352,Grand Challenge,2022-07-18,,active,False,False,False,FALSE,True,False,FALSE,FALSE
DFUC 2022,DFUC2022,,https://rumc-gcorg-p-public.s3.amazonaws.com/logos/challenge/674/footsnap_logo.png,"Diabetes is a global epidemic affecting around 425 million people and expected to rise to 629 million by 2045. Diabetic Foot Ulcer (DFU) is a severe condition that can result from the disease. The rise of the condition over the last decades is a challenge for healthcare systems. Cases of DFU usually lead to severe conditions that greatly prolongs treatment and result in limb amputation or death. Recent research focuses on creating detection algorithms to monitor their condition to improve patient care and reduce strain on healthcare systems. Work between Manchester Metropolitan University, Lancashire Teaching Hospitals and Manchester University NHS Foundation Trust has created an international repository of up to 11,000 DFU images. Analysis of ulcer regions is a key for DFU management. Delineation of ulcers is time-consuming. With effort from the lead scientists of the UK, US, India and New Zealand, this challenge promotes novel work in DFU segmentation and promote interdisciplinary researcher collaboration.",https://dfuc2022.grand-challenge.org/,https://arxiv.org/abs/2204.11618,Grand Challenge,2022-06-20,,active,False,False,True,FALSE,True,False,FALSE,FALSE
ATLAS R2.0 - Stroke Lesion Segmentation,ATLAS,,https://rumc-gcorg-p-public.s3.amazonaws.com/logos/challenge/676/ATLAS_Logo_square.png,Anatomical Tracings of Lesions After Stroke,https://atlas.grand-challenge.org/,https://doi.org/10.1101/2021.12.09.21267554,Grand Challenge,2022-09-18,,completed,False,True,True,FALSE,True,True,FALSE,FALSE
SynthRAD2023,SynthRAD2023,,https://rumc-gcorg-p-public.s3.amazonaws.com/logos/challenge/678/SynthRAD_square_logo_MnAqldI.png,SynthRAD is the first challenge on automatic generation of synthetic computed tomography (sCT) for radiotherapy,https://synthrad2023.grand-challenge.org/,https://doi.org/10.1002/mp.16529,Grand Challenge,2023-07-15,2028-09-20,active,False,True,True,FALSE,True,True,FALSE,FALSE
3D Teeth Scan Segmentation and Labeling Challenge MICCAI2022,3DTeethSeg,,https://rumc-gcorg-p-public.s3.amazonaws.com/logos/challenge/680/Grand-Challenge-Logo_2.jpg,"Computer-aided design (CAD) tools have become increasingly popular in modern dentistry for highly accurate treatment planning. In particular, in orthodontic CAD systems, advanced intraoral scanners (IOSs) are now widely used as they provide precise digital surface models of the dentition. Such models can dramatically help dentists simulate teeth extraction, move, deletion, and rearrangement and therefore ease the prediction of treatment outcomes.   Although IOSs are becoming widespread in clinical dental practice, there are only few contributions on teeth segmentation/labeling available in the literature and no publicly available database.  A fundamental issue that appears with IOS data is the ability to reliably segment and identify teeth in scanned observations. Teeth segmentation and labelling is difficult as a result of the inherent similarities between teeth shapes as well as their ambiguous positions on jaws.",https://3dteethseg.grand-challenge.org/,,Grand Challenge,2022-07-01,2022-08-15,completed,False,True,False,FALSE,False,True,FALSE,FALSE
MICCAI FLARE 2022,FLARE22,,https://rumc-gcorg-p-public.s3.amazonaws.com/logos/challenge/683/challenge-logo_xJtvQKE.png,MICCAI 2022 Fast and Low-resource semi-supervised  Abdominal oRgan sEgmentation (FLARE) Challenge,https://flare22.grand-challenge.org/,https://doi.org/10.1109/tpami.2021.3100536,Grand Challenge,2023-01-01,,active,True,True,True,FALSE,True,False,FALSE,FALSE
AGGC22,AGGC22,,https://rumc-gcorg-p-public.s3.amazonaws.com/logos/challenge/684/logo_yEwrCqI.PNG,,https://aggc22.grand-challenge.org/,,Grand Challenge,2022-06-29,,active,True,True,True,FALSE,True,False,FALSE,FALSE
autoPET,autoPET,,https://rumc-gcorg-p-public.s3.amazonaws.com/logos/challenge/686/autopet-5.png,Automatic lesion segmentation in whole-body FDG-PET/CT,https://autopet.grand-challenge.org/,,Grand Challenge,2022-05-02,2022-09-04,completed,True,True,True,FALSE,False,True,FALSE,FALSE
ACROBAT 2023,ACROBAT,,https://rumc-gcorg-p-public.s3.amazonaws.com/logos/challenge/687/final_logo_1280x1280_qgi9ILO.png,The ACROBAT challenge aims to advance the development of WSI registration algorithms that can align WSIs of IHC-stained breast cancer tissue sections to corresponding tissue regions that were stained with H&E. All WSIs originate from routine diagnostic workflows.,https://acrobat.grand-challenge.org/,,Grand Challenge,2022-06-15,,active,True,False,False,FALSE,True,False,FALSE,FALSE
SurgT: Surgical Tracking,SurgT,,https://rumc-gcorg-p-public.s3.amazonaws.com/logos/challenge/688/Screenshot_from_2022-06-27_09-41-30.png,This challenge consists of surgical videos with a target bounding box and the participants are expected to develop visual tracking algorithms to estimate the trajectory of the bounding box throughout the video-sequence.,https://surgt.grand-challenge.org/,,Grand Challenge,,,completed,True,True,True,FALSE,False,False,FALSE,FALSE
Surface Learning for Clinical Neuroimaging,SLCN,,https://rumc-gcorg-p-public.s3.amazonaws.com/logos/challenge/689/SLCN_Logo.png,Prediction of developmental phenotypes (age at birth and cognitive test scores) from cortical surface imaging data,https://slcn.grand-challenge.org/,https://doi.org/10.1016/j.neuroimage.2018.01.054,Grand Challenge,2022-04-24,2022-07-15,completed,True,True,False,FALSE,False,True,FALSE,FALSE
Preoperative to Intraoperative Laparoscopy Fusion,P2ILF,,https://rumc-gcorg-p-public.s3.amazonaws.com/logos/challenge/690/logo_V3.png,Preoperative to Intraoperative Laparoscopy Fusion,https://p2ilf.grand-challenge.org/,,Grand Challenge,2022-09-02,2022-09-14,completed,True,True,False,FALSE,False,True,FALSE,FALSE
MICCAI HECKTOR 2022,HECKTOR,,https://rumc-gcorg-p-public.s3.amazonaws.com/logos/challenge/691/grandchallenge_logo_d8JNqKz.png,Automatic Head and Neck Tumor Segmentation and Outcome Prediction in PET/CT Images,https://hecktor.grand-challenge.org/,https://doi.org/10.1007/978-3-030-98253-9,Grand Challenge,2022-08-26,2026-05-01,active,True,True,True,FALSE,True,False,FALSE,FALSE
K2S: from undersampled K-space To automatic Segmentation,K2S,,https://rumc-gcorg-p-public.s3.amazonaws.com/logos/challenge/692/K2S_gradient_5AE5wa5.png,K2S: from undersampled K-space To automatic Segmentation,https://k2s.grand-challenge.org/,https://doi.org/10.1148/ryai.2021200165,Grand Challenge,2022-05-16,2022-06-16,completed,True,True,True,FALSE,True,False,FALSE,FALSE
Diabetic Retinopathy Analysis Challenge MICCAI2022,DRAC22,,https://rumc-gcorg-p-public.s3.amazonaws.com/logos/challenge/694/logo_kT1YYna.png,"Diabetic Retinopathy (DR) lesions segmentation, image quality assessment and classification of proliferatived DR (PDR) and non-PDR in ultra-wide optical coherence tomography angiography mosaic (UW-OCTA-M) images",https://drac22.grand-challenge.org/,,Grand Challenge,2022-08-07,,active,False,True,True,FALSE,True,False,FALSE,FALSE
Multi-Modality Abdominal Multi-Organ Segmentation Challenge 2022,AMOS22,,https://rumc-gcorg-p-public.s3.amazonaws.com/logos/challenge/695/AMOS_2022.png,,https://amos22.grand-challenge.org/,,Grand Challenge,2022-10-09,2060-12-31,active,True,True,True,FALSE,True,False,FALSE,FALSE
Surgical Tool Localization in endoscopic videos,SurgToolLoc,,https://rumc-gcorg-p-public.s3.amazonaws.com/logos/challenge/698/grand-challenge_logo.png,,https://surgtoolloc.grand-challenge.org/,,Grand Challenge,2022-08-29,2022-09-08,completed,True,True,False,FALSE,False,True,FALSE,FALSE
Brain shift with Intraoperative Ultrasound - Segmentation tasks,curious2022,,https://rumc-gcorg-p-public.s3.amazonaws.com/logos/challenge/699/CuRIOUS_logo.png,,https://curious2022.grand-challenge.org/,,Grand Challenge,2022-08-15,2022-09-13,completed,False,False,False,FALSE,True,False,FALSE,FALSE
Carotid Vessel Wall Segmentation and Atherosclerosis Diagnosis,vessel-wall-segmentation-2022,,https://rumc-gcorg-p-public.s3.amazonaws.com/logos/challenge/700/%E5%9B%BE%E7%89%871.png,,https://vessel-wall-segmentation-2022.grand-challenge.org/,,Grand Challenge,2022-07-08,2022-08-01,completed,True,True,True,FALSE,True,False,FALSE,FALSE
Cross-Modality Domain Adaptation: Segmentation & Classification,crossmoda2022,,https://rumc-gcorg-p-public.s3.amazonaws.com/logos/challenge/701/squarelogo_2022.png,The CrossMoDA 2022 challenge is the second edition of the first large and multi-class medical dataset for unsupervised cross-modality Domain Adaptation.,https://crossmoda2022.grand-challenge.org/,,Grand Challenge,2022-05-11,,active,False,True,False,FALSE,True,False,FALSE,FALSE
"Multi-site, Multi-Domain Airway Tree Modeling (ATM’22)",ATM22,,https://rumc-gcorg-p-public.s3.amazonaws.com/logos/challenge/702/logo_xqf7twK.png,"Airway segmentation is a crucial step for the analysis of pulmonary diseases including asthma, bronchiectasis, and emphysema. The accurate segmentation based on X-Ray computed tomography (CT) enables the quantitative measurements of airway dimensions and wall thickness, which can reveal the abnormality of patients with chronic obstructive pulmonary disease (COPD). Besides, the extraction of patient-specific airway models from CT images is required for navigatiisted surgery.",https://atm22.grand-challenge.org/,https://doi.org/10.1007/978-3-030-32226-7_24,Grand Challenge,2022-08-17,,active,False,True,True,FALSE,True,False,FALSE,FALSE
FH-PS-AOP challenge,PS-FH-AOP-2023,,https://rumc-gcorg-p-public.s3.amazonaws.com/logos/challenge/703/F2_WDBTbsq.tif,Fetal Head and Pubic Symphysis Segmentation Challenge,https://ps-fh-aop-2023.grand-challenge.org/,https://doi.org/10.1155/2022/5192338,Grand Challenge,2023-03-27,2023-09-20,completed,True,True,False,FALSE,False,True,FALSE,FALSE
Shifts Challenge 2022,shifts,,https://rumc-gcorg-p-public.s3.amazonaws.com/logos/challenge/704/logo_1200.png,"The goal of the Shifts Challenge 2022 is to raise awareness among the research community about the problems of distributional shift, robustness, and uncertainty estimation, and to identify new solutions to address them. The competition will consist of two new tracks:  White Matter Multiple Sclerosis (MS) lesion segmentation in 3D Magnetic Resonance Imaging (MRI) of the brain  and Marine cargo vessel power estimation.",https://shifts.grand-challenge.org/,https://arxiv.org/abs/2206.15407,Grand Challenge,2022-09-15,2024-04-08,completed,False,False,False,FALSE,False,True,FALSE,FALSE
ACMMM MEGC2022: Facial Micro-Expression Grand Challenge,MEGC2022,,https://rumc-gcorg-p-public.s3.amazonaws.com/logos/challenge/705/acmmm2022_logo.png,Spotting Facial Macro- and Micro-Expressions in Long Videos,https://megc2022.grand-challenge.org/,https://doi.org/10.1109/taffc.2016.2573832,Grand Challenge,2022-05-23,,active,False,True,False,FALSE,True,False,FALSE,FALSE
MItosis DOmain Generalization Challenge 2022,MIDOG2022,,https://rumc-gcorg-p-public.s3.amazonaws.com/logos/challenge/706/midog_compact.png,,https://midog2022.grand-challenge.org/,https://doi.org/10.5281/zenodo.6362337,Grand Challenge,2022-08-04,2022-08-30,completed,False,True,False,FALSE,False,True,FALSE,FALSE
Ischemic Stroke Lesion Segmentation Challenge,isles22,,https://rumc-gcorg-p-public.s3.amazonaws.com/logos/challenge/707/Slide1_N1qHO1K.png,,https://isles22.grand-challenge.org/,,Grand Challenge,2022-07-15,2030-12-06,active,False,False,True,FALSE,False,True,FALSE,FALSE
Cell Segmentation in Multi-modality Microscopy Images,NeurIPS22-CellSeg,,https://rumc-gcorg-p-public.s3.amazonaws.com/logos/challenge/708/logo_EOVfhip.PNG,Weakly Supervised Cell Segmentation in Multi-modality High-resolution Microscopy Images,https://neurips22-cellseg.grand-challenge.org/,,Grand Challenge,2023-08-01,,active,False,True,True,FALSE,True,False,FALSE,FALSE
Breast Cancer Immunohistochemical Image Generation Challenge,bci,,https://rumc-gcorg-p-public.s3.amazonaws.com/logos/challenge/711/logo.png,The Breast Cancer Immunohistochemical Image Generation Challenge aims to directly generate IHC-stained breast cancer histopathology images from HE-stained  images.,https://bci.grand-challenge.org/,,Grand Challenge,2022-08-24,,active,False,True,False,FALSE,True,False,FALSE,FALSE
Fully Automated Radiotherapy Treatment Planning Challenge,AUTO-RTP,,https://rumc-gcorg-p-public.s3.amazonaws.com/logos/challenge/713/AUTO-RTP_Logo.png,Evaluating fully automated external beam radiotherapy treatment planning in prostate cancer,https://auto-rtp.grand-challenge.org/,,Grand Challenge,2023-06-05,,active,False,False,True,FALSE,True,False,FALSE,FALSE
Project AIR - commercial AI for bone age prediction on hand XR,pairboneage22,,https://rumc-gcorg-p-public.s3.amazonaws.com/logos/challenge/715/bone-age-hand-xr-logo.png,Head-to-head performance evaluation of commercially available AI products. This challenge shows the results for bone age prediction on hand radiographs on a multicenter dataset (seven centers) from the Netherlands.,https://pairboneage22.grand-challenge.org/,,Grand Challenge,,2024-01-08,completed,False,False,False,FALSE,True,False,FALSE,FALSE
PAIP 2023: TC prediction in pancreatic and colon cancer,2023PAIP,,https://rumc-gcorg-p-public.s3.amazonaws.com/logos/challenge/716/PAIP2023-640.png,Tumor cellularity prediction in pancreatic cancer (supervised learning) and colon cancer (transfer learning),https://2023paip.grand-challenge.org/,,Grand Challenge,2023-02-15,,active,False,True,True,FALSE,True,False,FALSE,FALSE
SNEMI3D: 3D Segmentation of neurites in EM images,SNEMI3D,,https://rumc-gcorg-p-public.s3.amazonaws.com/logos/challenge/717/logo.png,"The challenge is organized in the context of the IEEE International Symposium on Biomedical Imaging, 2013. The old evaluation site (http://brainiac2.snemi3d.org/SNEMI3D/) will be replaced by this one.",https://snemi3d.grand-challenge.org/,,Grand Challenge,,,active,False,True,True,FALSE,True,False,FALSE,FALSE
The Head and Neck Organ-at-Risk CT & MR Segmentation Challenge,HaN-Seg2023,,https://rumc-gcorg-p-public.s3.amazonaws.com/logos/challenge/718/logo.jpg,A semantic multimodal segmentation challenge comprising 30 organs at risk,https://han-seg2023.grand-challenge.org/,,Grand Challenge,2023-03-26,,active,True,False,False,FALSE,False,True,FALSE,FALSE
Endometrial Carcinoma Detection in Pipelle biopsies,ENDO-AID,,https://rumc-gcorg-p-public.s3.amazonaws.com/logos/challenge/719/logo-challenge.png,"Evaluation platform as reference benchmark for algorithms that can predict endometrial carcinoma on whole-slide images of Pipelle sampled endometrial slides stained in H&E, based on the test data set used in our project.",https://endo-aid.grand-challenge.org/,,Grand Challenge,,,active,False,False,False,FALSE,True,False,FALSE,FALSE
Robust Non-rigid Registration Challenge for Expansion Microscopy,RnR-ExM,,https://rumc-gcorg-p-public.s3.amazonaws.com/logos/challenge/720/RnR-ExM_Logo.png,,https://rnr-exm.grand-challenge.org/,,Grand Challenge,2023-02-17,2028-03-16,active,False,True,True,FALSE,True,False,FALSE,FALSE
Xray Projectomic Reconstruction Extracting Segment with Skeleton,XPRESS,,https://rumc-gcorg-p-public.s3.amazonaws.com/logos/challenge/721/XPRESS_logo_sq2-01.png,,https://xpress.grand-challenge.org/,,Grand Challenge,2023-02-06,,active,False,True,False,FALSE,True,False,FALSE,FALSE
autoPET-II,autoPET-II,,https://rumc-gcorg-p-public.s3.amazonaws.com/logos/challenge/722/autopet-5.png,Automated Lesion Segmentation in PET/CT - Domain Generalization,https://autopet-ii.grand-challenge.org/,,Grand Challenge,2023-02-28,2023-09-24,completed,True,True,True,FALSE,False,True,FALSE,FALSE
ToothFairy: Cone-Beam Computed Tomography Segmentation Challenge,toothfairy,,https://rumc-gcorg-p-public.s3.amazonaws.com/logos/challenge/723/logo.jpg,"This is the first edition of the ToothFairy challenge organized by the University of Modena and Reggio Emilia with the collaboration of Raudboud University. This challenge aims at pushing the development of deep learning frameworks to segment the Inferior Alveolar Canal (IAC) by incrementally extending the amount of publicly available 3D-annotated Cone Beam Computed Tomography (CBCT) scans.  CBCT modality is becoming increasingly important for treatment planning and diagnosis in implant dentistry and maxillofacial surgery. The three-dimensional information acquired with CBCT can be crucial to plan a vast number of surgical interventions with the aim of preserving noble anatomical structures such as the Inferior Alveolar Canal (IAC), which contains the homonymous nerve (Inferior Alveolar Nerve, IAN).  Deep learning models can support medical personnel in surgical planning procedures by providing a voxel-level segmentation of the IAN automatically extracted from CBCT scans.",https://toothfairy.grand-challenge.org/,,Grand Challenge,2023-06-30,,active,True,True,True,FALSE,False,True,FALSE,FALSE
SPIDER,spider,,https://rumc-gcorg-p-public.s3.amazonaws.com/logos/challenge/724/SPIDER_logo_square_jsl2NDu.png,,https://spider.grand-challenge.org/,,Grand Challenge,2023-07-26,2027-12-31,active,False,False,False,FALSE,False,True,FALSE,FALSE
LNQ2023,LNQ2023,,https://rumc-gcorg-p-public.s3.amazonaws.com/logos/challenge/725/LNQ-square.png,"Accurate lymph node size estimation is critical for staging cancer patients, initial therapeutic management, and in longitudinal scans, assessing response to therapy. Current standard practice for quantifying lymph node size is based on a variety of criteria that use unidirectional or bidirectional measurements on just one or a few nodes, typically on just one axial slice. But humans have hundreds of lymph nodes, any number of which may be enlarged to various degrees due to disease or immune response. While a normal lymph node may be approximately 5mm in diameter, a diseased lymph node may be several cm in diameter. The mediastinum, the anatomical area between the lungs and around the heart, may contain ten or more lymph nodes, often with three or more enlarged greater than 1cm. Accurate segmentation in 3D would provide more information to evaluate lymph node disease.",https://lnq2023.grand-challenge.org/,,Grand Challenge,2023-05-01,2023-09-30,completed,True,False,False,FALSE,True,True,FALSE,FALSE
ARCADE-MICCAI2023,ARCADE,,https://rumc-gcorg-p-public.s3.amazonaws.com/logos/challenge/726/aRCADE__1.jpg,,https://arcade.grand-challenge.org/,,Grand Challenge,2023-06-07,2023-09-20,completed,False,True,False,FALSE,True,True,FALSE,FALSE
Ultrasound Image Enhancement challenge 2023,UltrasoundEnhance2023,,https://rumc-gcorg-p-public.s3.amazonaws.com/logos/challenge/727/logo.png,,https://ultrasoundenhance2023.grand-challenge.org/,,Grand Challenge,2023-07-10,2023-08-31,completed,False,True,True,FALSE,True,False,FALSE,FALSE
SEG.A.  - Segmentation of the Aorta,MultiCenterAorta,,https://rumc-gcorg-p-public.s3.amazonaws.com/logos/challenge/729/logo_final_miccai.jpg,"Segmentation, modeling and visualization of the arterial tree are still a challenge in medical image analysis. The main track of this challenge deals with the fully automatic segmentation of the aortic vessel tree in computed tomography images. Optionally, teams can submit tailored solutions for meshing and visualization of the vessel tree.",https://multicenteraorta.grand-challenge.org/,https://doi.org/10.1016/j.media.2020.101773,Grand Challenge,2023-06-15,2023-08-15,completed,False,True,True,FALSE,False,True,FALSE,FALSE
Surgical Planning in Pediatric Neuroblastoma,SPPIN,,https://rumc-gcorg-p-public.s3.amazonaws.com/logos/challenge/730/SPINN_Logo_SB_2023_03_11-09_TnwZJgK.png,,https://sppin.grand-challenge.org/,,Grand Challenge,2023-08-10,2023-09-01,completed,True,True,False,FALSE,False,True,FALSE,FALSE
Foundation Model Prompting for Medical Image Classification,MedFM2023,,https://rumc-gcorg-p-public.s3.amazonaws.com/logos/challenge/731/logo640.png,The primary objective of this challenge is to promote the development and evaluation of model adaptation techniques for medical image classification to leverage the existing foundation models.,https://medfm2023.grand-challenge.org/,,Grand Challenge,2023-07-14,2033-10-15,active,True,True,True,FALSE,True,False,FALSE,FALSE
DENTEX - MICCAI23,DENTEX,,https://rumc-gcorg-p-public.s3.amazonaws.com/logos/challenge/732/logo_diseased.png,Dental Enumeration and Diagnosis on Panoramic X- rays Challenge,https://dentex.grand-challenge.org/,https://arxiv.org/abs/2303.06500,Grand Challenge,2023-04-30,2023-09-01,completed,False,True,True,FALSE,True,True,FALSE,FALSE
Topology-Aware Anatomical Segmentation of the Circle of Willis,TopCoW23,,https://rumc-gcorg-p-public.s3.amazonaws.com/logos/challenge/733/TopCow_logo.jpg,Segment the Circle of Willis (CoW) vessel components for both CTA and MRA,https://topcow23.grand-challenge.org/,https://arxiv.org/abs/2312.17670,Grand Challenge,2023-08-27,2023-10-25,completed,False,True,True,FALSE,False,True,FALSE,FALSE
SegRap 2023,SegRap2023,,https://rumc-gcorg-p-public.s3.amazonaws.com/logos/challenge/734/segrap-logo_cLCSrpZ.png,"A segmentation challenge with 200 patients (two modalities of CT images, 45 OARs and 2 GTVs).",https://segrap2023.grand-challenge.org/,,Grand Challenge,2023-07-09,2023-09-13,completed,True,True,True,FALSE,False,True,FALSE,FALSE
Low-dose Computed Tomography Perceptual Image Quality Assessment,LDCTIQAC2023,,https://rumc-gcorg-p-public.s3.amazonaws.com/logos/challenge/735/IQA_logo_3io1BcW.png,,https://ldctiqac2023.grand-challenge.org/,,Grand Challenge,2023-04-19,2023-07-28,completed,False,False,False,FALSE,False,True,FALSE,FALSE
CL-Detection 2023,CL-Detection2023,,https://rumc-gcorg-p-public.s3.amazonaws.com/logos/challenge/737/logo.png,Cephalometric landmark detection in lateral x-ray images,https://cl-detection2023.grand-challenge.org/,https://doi.org/10.1016/j.media.2016.02.004,Grand Challenge,2023-05-31,2023-08-15,completed,True,True,True,FALSE,False,True,FALSE,FALSE
Endoscopic surgical tool localization using tool presence labels,surgtoolloc23,,https://rumc-gcorg-p-public.s3.amazonaws.com/logos/challenge/738/grand-challenge_logo_2023.png,,https://surgtoolloc23.grand-challenge.org/,,Grand Challenge,2023-06-29,2023-09-20,completed,True,True,True,FALSE,False,True,FALSE,FALSE
OCELOT 2023: Cell Detection from Cell-Tissue Interaction,OCELOT2023,,https://rumc-gcorg-p-public.s3.amazonaws.com/logos/challenge/739/gc_loco_XeBK92j.png,,https://ocelot2023.grand-challenge.org/,https://arxiv.org/abs/2303.13110,Grand Challenge,2023-06-04,2023-08-04,completed,True,True,False,FALSE,False,True,FALSE,FALSE
Project AIR - commercial AI for lung nodule detection on CXR,pairlungnodulexr22,,https://rumc-gcorg-p-public.s3.amazonaws.com/logos/challenge/741/lung-nodules-cxr-logo.png,Head-to-head performance evaluation of commercially available AI products. This challenge shows the results for lung nodule detection on chest radiographs on a multicenter dataset (seven centers) from the Netherlands.,https://pairlungnodulexr22.grand-challenge.org/,,Grand Challenge,,2024-01-08,completed,False,False,False,FALSE,True,False,FALSE,FALSE
The Trauma THOMPSON Challenge,THOMPSON-Challenge,,https://rumc-gcorg-p-public.s3.amazonaws.com/logos/challenge/742/ttlog_black_-_Copy.png,,https://thompson-challenge.grand-challenge.org/,,Grand Challenge,2023-09-01,,completed,True,True,True,FALSE,True,False,FALSE,FALSE
Hypoxic Ischemic Encephalopathy Lesion Segmentation Challenge,BONBID-HIE2023,,https://rumc-gcorg-p-public.s3.amazonaws.com/logos/challenge/743/hie.png,,https://bonbid-hie2023.grand-challenge.org/,,Grand Challenge,2023-07-01,2023-09-21,completed,False,True,True,FALSE,True,True,FALSE,FALSE
CHAIMELEON Open Challenges,CHAIMELEON,,https://rumc-gcorg-p-public.s3.amazonaws.com/logos/challenge/744/Logo_Grand_Challenge_-_2.png,A unique opportunity for scientists to advance cancer research with AI. The CHAIMELEON Open Challenges invites participants to collaborate to develop and train new AI-powered solutions driving innovation in cancer diagnosis and treatment.,https://chaimeleon.grand-challenge.org/,,Grand Challenge,2023-11-02,2024-03-15,completed,True,True,False,FALSE,True,True,FALSE,FALSE
Head and Neck Tumor Segmentation for MR-Guided Applications,HNTSMRG24,,https://rumc-gcorg-p-public.s3.amazonaws.com/logos/challenge/745/logo_v0.png,This challenge focuses on developing algorithms to automatically segment head and neck cancer gross tumor volumes on multi-timepoint MRI,https://hntsmrg24.grand-challenge.org/,,Grand Challenge,,,completed,False,False,False,FALSE,False,True,FALSE,FALSE
PANORAMA,PANORAMA,,https://rumc-gcorg-p-public.s3.amazonaws.com/logos/challenge/746/PANORAMA_logo_squared.png,Artificial Intelligence and Radiologists at Pancreatic Cancer Diagnosis in CT,https://panorama.grand-challenge.org/,,Grand Challenge,2024-04-22,,active,False,False,False,FALSE,False,True,FALSE,FALSE
Universal Lesion Segmentation Challenge '23,ULS23,,https://rumc-gcorg-p-public.s3.amazonaws.com/logos/challenge/747/ULS23_logo_aoB8tlx.png,,https://uls23.grand-challenge.org/,,Grand Challenge,2024-01-31,,active,False,False,False,FALSE,False,True,FALSE,FALSE
Justified Referral in AI Glaucoma Screening,JustRAIGS,,https://rumc-gcorg-p-public.s3.amazonaws.com/logos/challenge/749/Logo_XlR2vwf.png,,https://justraigs.grand-challenge.org/,,Grand Challenge,2024-01-08,2024-04-27,completed,False,False,False,FALSE,False,True,FALSE,FALSE
Light My Cells : Bright Field to Fluorescence Imaging Challenge,lightmycells,,https://rumc-gcorg-p-public.s3.amazonaws.com/logos/challenge/750/logo_light_my_cells.png,Join the Light My Cells France-Bioimaging challenge! Enhance biology and microscopy by contributing to the development of new image-to-image deep labelling methods. The task: predict the best-focused output images of several fluorescently labelled organelles from label-free transmitted light input images. Dive into the future of imaging with us! 🌐🔬 #LightMyCellsChallenge,https://lightmycells.grand-challenge.org/,,Grand Challenge,2024-03-15,2024-04-20,completed,False,False,False,FALSE,False,True,FALSE,FALSE
Diminished Reality for Emerging Applications in Medicine,DREAMING,,https://rumc-gcorg-p-public.s3.amazonaws.com/logos/challenge/752/isbi_dreaming_logo_gc.png,"The Diminished Reality for Emerging Applications in Medicine through Inpainting (DREAMING) challenge seeks to pioneer the integration of Diminished Reality (DR) into oral and maxillofacial surgery. While Augmented Reality (AR) has been extensively explored in medicine, DR remains largely uncharted territory. DR involves virtually removing real objects from the environment by replacing them with their background. Recent inpainting methods present an opportunity for real-time DR applications without scene knowledge. DREAMING focuses on implementing such methods to fill obscured regions in surgery scenes with realistic backgrounds, emphasizing the complex facial anatomy and patient diversity. The challenge provides a dataset of synthetic yet photorealistic surgery scenes featuring humans, simulating an operating room setting. Participants are tasked with developing algorithms that seamlessly remove disruptions caused by medical instruments and hands, offering surgeons an unimpeded view of the operative site.",https://dreaming.grand-challenge.org/,,Grand Challenge,2024-02-18,2024-05-08,completed,False,False,False,FALSE,False,True,FALSE,FALSE
Abdominal Circumference Operator-agnostic UltraSound measurement,ACOUSLIC-AI,,https://rumc-gcorg-p-public.s3.amazonaws.com/logos/challenge/753/acouslicai-logo_tjZmpqL.png,,https://acouslic-ai.grand-challenge.org/,,Grand Challenge,2024-05-05,2024-07-31,active,False,False,False,FALSE,False,True,FALSE,FALSE
The LEOPARD Challenge,LEOPARD,,https://rumc-gcorg-p-public.s3.amazonaws.com/logos/challenge/754/logo.png,,https://leopard.grand-challenge.org/,,Grand Challenge,2024-05-28,,active,False,False,False,FALSE,False,True,FALSE,FALSE
AutoPET III,AutoPET-III,,https://rumc-gcorg-p-public.s3.amazonaws.com/logos/challenge/755/autopet-2024.png,,https://autopet-iii.grand-challenge.org/,,Grand Challenge,2024-06-30,2024-09-15,upcoming,False,False,False,FALSE,False,True,FALSE,FALSE
AI4Life Microscopy Denoising Challenge,AI4Life-MDC24,,https://rumc-gcorg-p-public.s3.amazonaws.com/logos/challenge/756/Challenge_square.png,"Wellcome to AI4Life-MDC24! In this challenge, we want to focus on an unsupervised denoising of microscopy images. By participating, researchers can contribute to a critical area of scientific research, aiding in interpreting microscopy images and potentially unlocking discoveries in biology and medicine.",https://ai4life-mdc24.grand-challenge.org/,,Grand Challenge,,2024-06-30,active,False,False,False,FALSE,False,True,FALSE,FALSE
Ischemic Stroke Lesion Segmentation Challenge 2024,ISLES-24,,https://rumc-gcorg-p-public.s3.amazonaws.com/logos/challenge/757/ISLES24_1_c8Cz4NN.png,,https://isles-24.grand-challenge.org/,,Grand Challenge,2024-06-15,2024-08-15,upcoming,False,False,False,FALSE,False,True,FALSE,FALSE
Surgical Visual Understanding,surgvu24,,https://rumc-gcorg-p-public.s3.amazonaws.com/logos/challenge/758/grand-challenge_logo_2024.png,,https://surgvu24.grand-challenge.org/,,Grand Challenge,2024-08-05,2024-09-10,upcoming,False,False,False,FALSE,False,True,FALSE,FALSE
ToothFairy2: Multi-Structure Segmentation in CBCT Volumes,ToothFairy2,,https://rumc-gcorg-p-public.s3.amazonaws.com/logos/challenge/759/GrandChallenge-Logo.png,This is the second edition of the ToothFairy challenge organized by the University of Modena and Reggio Emilia with the collaboration of Radboud University Medical Center. The challenge is hosted by grand-challenge and is part of MICCAI2024.,https://toothfairy2.grand-challenge.org/,,Grand Challenge,2024-06-30,2024-08-16,upcoming,False,False,False,FALSE,False,True,FALSE,FALSE
Pelvic Bone Fragments with Injuries Segmentation Challenge,PENGWIN,,https://rumc-gcorg-p-public.s3.amazonaws.com/logos/challenge/760/PENGWIN_qZTjVoC.jpg,Pelvic fracture segmentation in CT and X-ray,https://pengwin.grand-challenge.org/,,Grand Challenge,2024-05-14,2024-07-31,active,False,False,False,FALSE,False,True,FALSE,FALSE
Multi-Class Segmentation of Aortic Branches and Zones in CTA,AortaSeg24,,https://rumc-gcorg-p-public.s3.amazonaws.com/logos/challenge/761/Grand_Challenge_Logo.png,3D Segmentation of Aortic Branches and Zones on Computed Tomography Angiography (CTA),https://aortaseg24.grand-challenge.org/,,Grand Challenge,2024-06-06,2024-08-16,active,False,False,False,FALSE,False,True,FALSE,FALSE
Automated Identification of Mod-Sev TBI Lesions,AIMS-TBI,,https://rumc-gcorg-p-public.s3.amazonaws.com/logos/challenge/762/AIMS-TBI_logo_G50gkm9.png,,https://aims-tbi.grand-challenge.org/,,Grand Challenge,2024-05-25,2024-08-16,active,False,False,False,FALSE,False,True,FALSE,FALSE
TopCoW 2024 Challenge,topcow24,,https://rumc-gcorg-p-public.s3.amazonaws.com/logos/challenge/763/TopCow24_Logo_V3.png,"Segment, classify, and detect the Circle of Willis (CoW) for both CTA and MRA",https://topcow24.grand-challenge.org/,https://arxiv.org/abs/2312.17670,Grand Challenge,,,completed,False,False,False,FALSE,False,False,FALSE,FALSE
Self-supervised learning for 3D light-sheet microscopy image seg,SELMA3D,,https://rumc-gcorg-p-public.s3.amazonaws.com/logos/challenge/766/logo_v2_AkZJGQC.jpg,,https://selma3d.grand-challenge.org/,,Grand Challenge,,,completed,False,False,False,FALSE,False,True,FALSE,FALSE
Cross-Organ and Cross-Scanner Adenocarcinoma Segmentation,COSAS,,https://rumc-gcorg-p-public.s3.amazonaws.com/logos/challenge/767/COSAS-SQ.png,,https://cosas.grand-challenge.org/,,Grand Challenge,2024-07-17,2024-09-03,upcoming,False,False,False,FALSE,False,True,FALSE,FALSE
Calibration and Uncertainty for multiRater Volume Assessment in,CURVAS,,https://rumc-gcorg-p-public.s3.amazonaws.com/logos/challenge/769/image_1_XAXhFzC.png,,https://curvas.grand-challenge.org/,,Grand Challenge,,,completed,False,False,False,FALSE,False,True,FALSE,FALSE
MONKEY challenge: Detection of inflammation in kidney biopsies,MONKEY,,https://rumc-gcorg-p-public.s3.amazonaws.com/logos/challenge/771/logo-monkey.png,MONKEY (Machine-learning for Optimal detection of iNflammatory cells in KidnEY),https://monkey.grand-challenge.org/,,Grand Challenge,,,completed,False,False,False,FALSE,False,False,FALSE,FALSE
